{
  "name": "AR控制器",
  "icon": "advancedperipherals:ar_controller",
  "category": "advancedperipherals:peripherals",
  "pages": [
    {
      "type": "text",
      "text": "AR控制器用于无线控制你的AR护目镜。你可以在叠加层上绘制任何你想要的内容，只要你戴着护目镜就能看到它。$(p)完整文档请查看$(9)$(l:https://docs.intelligence-modding.de/peripherals/ar_controller/)官方维基页面$(/l)$()！"
    },
    {
      "type": "crafting",
      "recipe": "advancedperipherals:ar_controller"
    },
    {
      "type": "multiblock",
      "multiblock": {
        "mapping": {
          "0": "computercraft:computer_advanced",
          "P": "advancedperipherals:ar_controller"
        },
        "pattern": [
          [
            "0P"
          ]
        ]
      },
      "text": "将AR控制器连接到计算机即可使用它！"
    }
  ]
}
