{
  "name": "聊天盒",
  "icon": "advancedperipherals:chat_box",
  "category": "advancedperipherals:peripherals",
  "pages": [
    {
      "type": "text",
      "text": "聊天盒外设允许你通过收发消息与游戏聊天交互。$(p)你甚至可以发送仅聊天盒能接收的消息，只需要在消息开头加上`$`即可。$(p)完整文档请查看$(9)$(l:https://docs.intelligence-modding.de/peripherals/chat_box/)官方维基页面$(/l)$()！"
    },
    {
      "type": "crafting",
      "recipe": "advancedperipherals:chat_box"
    },
    {
      "type": "multiblock",
      "multiblock": {
        "mapping": {
          "0": "computercraft:computer_advanced",
          "P": "advancedperipherals:chat_box"
        },
        "pattern": [
          [
            "0P"
          ]
        ]
      },
      "text": "将聊天盒连接到电脑即可使用！"
    }
  ]
}
