{
  "name": "殖民地集成器",
  "icon": "advancedperipherals:colony_integrator",
  "category": "advancedperipherals:peripherals",
  "pages": [
    {
      "type": "text",
      "text": "殖民地集成器可以与【我的殖民地（MineColonies）】中的殖民地交互。$(p)完整文档请查看 $(9)$(l:https://docs.intelligence-modding.de/peripherals/colony_integrator/)官方维基页面$(/l)$()！"
    },
    {
      "type": "crafting",
      "recipe": "advancedperipherals:colony_integrator"
    },
    {
      "type": "multiblock",
      "multiblock": {
        "mapping": {
          "0": "computercraft:computer_advanced",
          "P": "advancedperipherals:colony_integrator"
        },
        "pattern": [
          [
            "0P"
          ]
        ]
      },
      "text": "将殖民地集成器连接到村庄范围内的电脑即可使用！"
    }
  ]
}
