{
  "name": "能量探测器",
  "icon": "advancedperipherals:energy_detector",
  "category": "advancedperipherals:peripherals",
  "pages": [
    {
      "type": "text",
      "text": "能量探测器可以检测能量流动，还可充当电阻器。你可以定义最大流量来将其用作电阻。$(p)完整文档请查看$(9)$(l:https://docs.intelligence-modding.de/peripherals/energy_detector/)官方维基页面$(/l)$()！"
    },
    {
      "type": "crafting",
      "recipe": "advancedperipherals:energy_detector"
    },
    {
      "type": "multiblock",
      "multiblock": {
        "mapping": {
          "0": "computercraft:computer_advanced",
          "P": "advancedperipherals:energy_detector"
        },
        "pattern": [
          [
            "0P"
          ]
        ]
      },
      "text": "将能量探测器连接到电脑即可使用！"
    }
  ]
}
