{
  "name": "环境探测器",
  "icon": "advancedperipherals:environment_detector",
  "category": "advancedperipherals:peripherals",
  "pages": [
    {
      "type": "text",
      "text": "环境探测器可以从环境获取各类信息，比如当前时间、当前月相、方块光照等级等等。$(p)完整文档请查看$(9)$(l:https://docs.intelligence-modding.de/peripherals/environment_detector/)官方维基页面$(/l)$()！"
    },
    {
      "type": "crafting",
      "recipe": "advancedperipherals:environment_detector"
    },
    {
      "type": "multiblock",
      "multiblock": {
        "mapping": {
          "0": "computercraft:computer_advanced",
          "P": "advancedperipherals:environment_detector"
        },
        "pattern": [
          [
            "0P"
          ]
        ]
      },
      "text": "将环境探测器连接到电脑即可使用！"
    }
  ]
}
