{
  "name": "环境检测器",
  "icon": "advancedperipherals:environment_detector",
  "category": "advancedperipherals:peripherals",
  "pages": [
    {
      "type": "text",
      "text": "环境检测器可以获取环境信息，例如当前时间、月相、方块亮度等等。$(p)完整文档请查看 $(9)$(l:https://docs.intelligence-modding.de/peripherals/environment_detector/)官方维基页面$(/l)$()！"
    },
    {
      "type": "crafting",
      "recipe": "advancedperipherals:environment_detector"
    },
    {
      "type": "multiblock",
      "multiblock": {
        "mapping": {
          "0": "computercraft:computer_advanced",
          "P": "advancedperipherals:environment_detector"
        },
        "pattern": [
          [
            "0P"
          ]
        ]
      },
      "text": "将环境检测器连接到电脑即可使用！"
    }
  ]
}
