{
  "name": "物品栏管理器",
  "icon": "advancedperipherals:inventory_manager",
  "category": "advancedperipherals:peripherals",
  "pages": [
    {
      "type": "text",
      "text": "物品栏管理器可以与玩家的物品栏交互。你需要右键点击存储卡完成绑定，再将卡放入管理器才可使用。$(p)完整文档请查看$(9)$(l:https://docs.intelligence-modding.de/peripherals/inventory_manager/)官方维基页面$(/l)$()！"
    },
    {
      "type": "crafting",
      "recipe": "advancedperipherals:inventory_manager"
    },
    {
      "type": "multiblock",
      "multiblock": {
        "mapping": {
          "0": "computercraft:computer_advanced",
          "P": "advancedperipherals:inventory_manager"
        },
        "pattern": [
          [
            "0P"
          ]
        ]
      },
      "text": "将物品栏管理器连接到电脑即可使用！"
    }
  ]
}
