{
  "name": "库存管理器",
  "icon": "advancedperipherals:inventory_manager",
  "category": "advancedperipherals:peripherals",
  "pages": [
    {
      "type": "text",
      "text": "库存管理器可以与玩家的背包交互。你需要用它右击存储卡，再将卡放入管理器中即可使用。$(p)完整文档请查看 $(9)$(l:https://docs.intelligence-modding.de/peripherals/inventory_manager/)官方维基页面$(/l)$()！"
    },
    {
      "type": "crafting",
      "recipe": "advancedperipherals:inventory_manager"
    },
    {
      "type": "multiblock",
      "multiblock": {
        "mapping": {
          "0": "computercraft:computer_advanced",
          "P": "advancedperipherals:inventory_manager"
        },
        "pattern": [
          [
            "0P"
          ]
        ]
      },
      "text": "将库存管理器连接到电脑即可使用！"
    }
  ]
}
