{
  "name": "ME桥接器",
  "icon": "advancedperipherals:me_bridge",
  "category": "advancedperipherals:peripherals",
  "pages": [
    {
      "type": "text",
      "text": "ME桥接器可以与应用能源2（Applied Energistics 2）交互。你可以提取物品、合成物品、获取所有物品清单等等。ME桥接器占用1个ME信道。$(p)完整文档请查看 $(9)$(l:https://docs.intelligence-modding.de/peripherals/me_bridge/)官方维基页面$(/l)$()！"
    },
    {
      "type": "crafting",
      "recipe": "advancedperipherals:me_bridge"
    },
    {
      "type": "multiblock",
      "multiblock": {
        "mapping": {
          "0": "computercraft:computer_advanced",
          "P": "advancedperipherals:me_bridge"
        },
        "pattern": [
          [
            "0P"
          ]
        ]
      },
      "text": "将ME桥接器连接到电脑即可使用！"
    }
  ]
}
