{
  "name": "NBT存储",
  "icon": "advancedperipherals:nbt_storage",
  "category": "advancedperipherals:peripherals",
  "pages": [
    {
      "type": "text",
      "text": "NBT存储是一个允许向方块输入输出自定义数据的特殊方块，主要用于ID支持。$(p)完整文档请查看 $(9)$(l:https://docs.intelligence-modding.de/peripherals/nbt_storage/)官方维基页面$(/l)$()！"
    },
    {
      "type": "crafting",
      "recipe": "advancedperipherals:nbt_storage"
    },
    {
      "type": "multiblock",
      "multiblock": {
        "mapping": {
          "0": "computercraft:computer_advanced",
          "P": "advancedperipherals:nbt_storage"
        },
        "pattern": [
          [
            "0P"
          ]
        ]
      },
      "text": "将NBT存储连接到电脑即可使用！"
    }
  ]
}
