{
  "name": "玩家探测器",
  "icon": "advancedperipherals:player_detector",
  "category": "advancedperipherals:peripherals",
  "pages": [
    {
      "type": "text",
      "text": "玩家探测器可以识别一定范围内的玩家，此外还可以识别点击它的玩家。$(p)完整文档请查看$(9)$(l:https://docs.intelligence-modding.de/peripherals/player_detector/)官方维基页面$(/l)$()！"
    },
    {
      "type": "crafting",
      "recipe": "advancedperipherals:player_detector"
    },
    {
      "type": "multiblock",
      "multiblock": {
        "mapping": {
          "0": "computercraft:computer_advanced",
          "P": "advancedperipherals:player_detector"
        },
        "pattern": [
          [
            "0P"
          ]
        ]
      },
      "text": "将玩家探测器连接到电脑即可使用！"
    }
  ]
}
