{
  "name": "红石集成器",
  "icon": "advancedperipherals:redstone_integrator",
  "category": "advancedperipherals:peripherals",
  "pages": [
    {
      "type": "text",
      "text": "红石集成器可以与红石交互。你可以使用和普通电脑上完全相同的代码来操作红石集成器。$(p)当你需要在更多侧面输出红石信号，超出普通电脑可提供的侧面数量时，就可以使用这个外设。$(p)完整文档请查看$(9)$(l:https://docs.intelligence-modding.de/peripherals/redstone_integrator/)官方维基页面$(/l)$()！"
    },
    {
      "type": "crafting",
      "recipe": "advancedperipherals:redstone_integrator"
    },
    {
      "type": "multiblock",
      "multiblock": {
        "mapping": {
          "0": "computercraft:computer_advanced",
          "P": "advancedperipherals:redstone_integrator"
        },
        "pattern": [
          [
            "0P"
          ]
        ]
      },
      "text": "将红石集成器连接到电脑即可使用！"
    }
  ]
}
