{
  "name": "RS桥接器",
  "icon": "advancedperipherals:rs_bridge",
  "category": "advancedperipherals:peripherals",
  "pages": [
    {
      "type": "text",
      "text": "RS桥接器可以与精制存储（Refined Storage）交互。你可以提取物品、合成物品、获取所有物品清单等等。$(p)完整文档请查看 $(9)$(l:https://docs.intelligence-modding.de/peripherals/rs_bridge/)官方维基页面$(/l)$()！"
    },
    {
      "type": "crafting",
      "recipe": "advancedperipherals:rs_bridge"
    },
    {
      "type": "multiblock",
      "multiblock": {
        "mapping": {
          "0": "computercraft:computer_advanced",
          "P": "advancedperipherals:rs_bridge"
        },
        "pattern": [
          [
            "0P"
          ]
        ]
      },
      "text": "将RS桥接器连接到电脑即可使用！"
    }
  ]
}
