{
  "name": "魂灵匕首",
  "category": "mysticalagriculture:souls",
  "icon": "mysticalagriculture:soulium_dagger",
  "sortnum": 103,
  "pages": [
    {
      "type": "text",
      "text": "book.mysticalagriculture.entry.soulium_dagger.page.1"
    },
    {
      "type": "crafting",
      "title": "合成",
      "recipe": "mysticalagriculture:soulium_dagger"
    },
    {
      "type": "spotlight",
      "item": "mysticalagriculture:passive_soulium_dagger",
      "text": "book.mysticalagriculture.entry.soulium_dagger.page.3"
    },
    {
      "type": "spotlight",
      "item": "mysticalagriculture:hostile_soulium_dagger",
      "text": "book.mysticalagriculture.entry.soulium_dagger.page.4"
    }
  ]
}
