{
  "name": "魂金匕首",
  "category": "mysticalagriculture:souls",
  "icon": "mysticalagriculture:soulium_dagger",
  "sortnum": 103,
  "pages": [
    {
      "type": "text",
      "text": "用于收集灵魂。"
    },
    {
      "type": "crafting",
      "title": "合成",
      "recipe": "mysticalagriculture:soulium_dagger"
    },
    {
      "type": "spotlight",
      "item": "mysticalagriculture:passive_soulium_dagger",
      "text": "右键点击生物。"
    },
    {
      "type": "spotlight",
      "item": "mysticalagriculture:hostile_soulium_dagger",
      "text": "注意耐久度。"
    }
  ]
}
