{
  "name": "畜牧自动核心",
  "icon": "advancedperipherals:husbandry_automata_core",
  "category": "advancedperipherals:metaphysics",
  "advancement": "advancedperipherals:weak_automata_core",
  "pages": [
    {
      "type": "spotlight",
      "title": "畜牧自动核心",
      "item": "advancedperipherals:husbandry_automata_core",
      "text": "在吞噬3只鸡、3头牛、3只羊后，虚弱自动核心会转化为畜牧自动核心！$(p)它不仅是更强力的虚弱自动核心变体，这枚灵魂似乎还能提供与生物互动的能力！"
    },
    {
      "type": "link",
      "text": "除了虚弱自动核心的能力外，这个核心还允许你与生物互动，甚至将生物转移进海龟内部存储！$(p)但请注意，海龟被破坏后所有存储的生物都会丢失。",
      "url": "https://docs.intelligence-modding.de/metaphysics/husbandry_automata/",
      "link_text": "API documentation"
    }
  ]
}
