{
  "name": "觉醒祭坛",
  "category": "mysticalagriculture:elemental",
  "icon": "mysticalagriculture:awakening_altar",
  "sortnum": 153,
  "pages": [
    {
      "type": "text",
      "text": "觉醒祭坛用于觉醒至尊种子。"
    },
    {
      "type": "crafting",
      "title": "合成",
      "recipe": "mysticalagriculture:awakening_altar",
      "recipe2": "mysticalagriculture:awakening_pedestal"
    },
    {
      "type": "crafting",
      "title": "合成",
      "recipe": "mysticalagriculture:essence_vessel",
      "text": "需要元素精华。"
    }
  ]
}
