{
  "name": "AR护目镜",
  "icon": "advancedperipherals:ar_goggles",
  "category": "advancedperipherals:items",
  "pages": [
    {
      "type": "text",
      "text": "AR护目镜可以与$(9)$(l:peripherals/ar_controller)AR控制器$(/l)$()搭配使用，让你无论走到哪里都能拥有可自定义的显示图层，非常有趣！$(p)手持护目镜右击AR控制器即可将二者绑定。$(p)完整文档请查看$(9)$(l:https://docs.intelligence-modding.de/items/ar_goggles/)官方维基页面$(/l)$()！"
    },
    {
      "type": "crafting",
      "recipe": "advancedperipherals:ar_goggles"
    }
  ]
}
