{
  "name": "AR护目镜",
  "icon": "advancedperipherals:ar_goggles",
  "category": "advancedperipherals:items",
  "pages": [
    {
      "type": "text",
      "text": "AR护目镜可与$(9)$(l:peripherals/ar_controller)AR控制器$(/l)$()搭配使用，无论你走到哪里，都能获得可自定义的UI叠加层，非常有趣！$(p)手持护目镜右键点击AR控制器即可将二者绑定。$(p)完整文档请查看$(9)$(l:https://docs.intelligence-modding.de/items/ar_goggles/)官方维基页面$(/l)$()！"
    },
    {
      "type": "crafting",
      "recipe": "advancedperipherals:ar_goggles"
    }
  ]
}
