{
  "name": "区块控制器",
  "icon": "advancedperipherals:chunk_controller",
  "category": "advancedperipherals:items",
  "pages": [
    {
      "type": "text",
      "text": "区块控制器是区块加载海龟的合成原料。$(p)将它与普通海龟或高级海龟结合即可让你的海龟保持区块加载！$(p)完整文档请查看$(9)$(l:https://docs.intelligence-modding.de/items/chunk_controller/)官方维基页面$(/l)$()！"
    },
    {
      "type": "crafting",
      "recipe": "advancedperipherals:chunk_controller"
    }
  ]
}
