{
  "name": "电脑工具",
  "icon": "advancedperipherals:computer_tool",
  "category": "advancedperipherals:items",
  "pages": [
    {
      "type": "text",
      "text": "电脑工具是用来打开本模组方块GUI的工具。目前它暂时没有任何用途，只是一件很棒的物品。$(p)完整文档请查看$(9)$(l:https://docs.intelligence-modding.de/items/computer_tool/)官方维基页面$(/l)$()！"
    },
    {
      "type": "crafting",
      "recipe": "advancedperipherals:computer_tool"
    }
  ]
}
