{
  "name": "计算机工具",
  "icon": "advancedperipherals:computer_tool",
  "category": "advancedperipherals:items",
  "pages": [
    {
      "type": "text",
      "text": "计算机工具是用来打开本模组方块GUI的工具。目前它没什么实际用处，只是个好看的物品罢了。$(p)完整文档请查看$(9)$(l:https://docs.intelligence-modding.de/items/computer_tool/)官方维基页面$(/l)$()！"
    },
    {
      "type": "crafting",
      "recipe": "advancedperipherals:computer_tool"
    }
  ]
}
