{
  "name": "记忆卡",
  "icon": "advancedperipherals:memory_card",
  "category": "advancedperipherals:items",
  "pages": [
    {
      "type": "text",
      "text": "$(9)$(l:items/ar_goggles)AR护目镜$(/l)$()可与$(9)$(l:peripherals/inventory_manager)物品管理器$(/l)$()搭配使用，与玩家物品栏交互。$(p)手持记忆卡右击即可将其绑定到你自身。$(p)完整文档请查看$(9)$(l:https://docs.intelligence-modding.de/items/ar_goggles/)官方维基页面$(/l)$()！"
    },
    {
      "type": "crafting",
      "recipe": "advancedperipherals:memory_card"
    }
  ]
}
