{
  "name": "方块读取器",
  "icon": "advancedperipherals:block_reader",
  "category": "advancedperipherals:peripherals",
  "pages": [
    {
      "type": "text",
      "text": "这个方块可以读取它前方方块和方块实体的数据。$(p)完整文档请查看$(9)$(l:https://docs.intelligence-modding.de/peripherals/block_reader/)官方维基页面$(/l)$()！"
    },
    {
      "type": "crafting",
      "recipe": "advancedperipherals:block_reader"
    },
    {
      "type": "multiblock",
      "multiblock": {
        "mapping": {
          "0": "computercraft:computer_advanced",
          "P": "advancedperipherals:block_reader",
          "T": "minecraft:dirt"
        },
        "pattern": [
          [
            "0PT"
          ]
        ]
      },
      "text": "将方块读取器连接到计算机并瞄准目标方块即可使用它！"
    }
  ]
}
