{
  "name": "地质扫描仪",
  "icon": "advancedperipherals:geo_scanner",
  "category": "advancedperipherals:peripherals",
  "pages": [
    {
      "type": "text",
      "text": "地质扫描仪可以提供扫描仪所在位置周围方块与区块的信息。地质扫描仪每次扫描之间有冷却延迟，请留意这一点。$(p)完整文档请查看$(9)$(l:https://docs.intelligence-modding.de/peripherals/geo_scanner/)官方维基页面$(/l)$()！"
    },
    {
      "type": "crafting",
      "recipe": "advancedperipherals:geo_scanner"
    },
    {
      "type": "multiblock",
      "multiblock": {
        "mapping": {
          "0": "computercraft:computer_advanced",
          "P": "advancedperipherals:geo_scanner"
        },
        "pattern": [
          [
            "0P"
          ]
        ]
      },
      "text": "将地质扫描仪连接到电脑即可使用！"
    }
  ]
}
