{
  "name": "book.mysticalagriculture.entry.growth_accelerators",
  "category": "mysticalagriculture:basics",
  "icon": "mysticalagriculture:inferium_growth_accelerator",
  "sortnum": 7,
  "pages": [
    {
      "type": "text",
      "text": "book.mysticalagriculture.entry.growth_accelerators.page.1"
    },
    {
      "type": "crafting",
      "title": "book.mysticalagriculture.crafting",
      "recipe": "mysticalagriculture:inferium_growth_accelerator",
      "text": "book.mysticalagriculture.entry.growth_accelerators.page.2"
    }
  ]
}
