{
  "name": "book.mysticalagriculture.entry.infusion_crystal",
  "category": "mysticalagriculture:basics",
  "icon": "mysticalagriculture:infusion_crystal",
  "sortnum": 2,
  "pages": [
    {
      "type": "text",
      "text": "book.mysticalagriculture.entry.infusion_crystal.page.1"
    },
    {
      "type": "crafting",
      "title": "book.mysticalagriculture.crafting",
      "recipe": "mysticalagriculture:infusion_crystal",
      "recipe2": "mysticalagriculture:prudentium_essence"
    }
  ]
}
