{
  "name": "book.mysticalagriculture.entry.overworld_ores",
  "category": "mysticalagriculture:basics",
  "icon": "mysticalagriculture:inferium_ore",
  "sortnum": 4,
  "pages": [
    {
      "type": "spotlight",
      "item": "mysticalagriculture:inferium_ore",
      "text": "book.mysticalagriculture.entry.overworld_ores.page.1"
    },
    {
      "type": "spotlight",
      "item": "mysticalagriculture:prosperity_ore",
      "text": "book.mysticalagriculture.entry.overworld_ores.page.2"
    }
  ]
}
