{
  "name": "book.mysticalagriculture.entry.resource_crops",
  "category": "mysticalagriculture:basics",
  "icon": "mysticalagriculture:prosperity_seed_base",
  "sortnum": 5,
  "pages": [
    {
      "type": "text",
      "text": "book.mysticalagriculture.entry.resource_crops.page.1"
    },
    {
      "type": "crafting",
      "title": "book.mysticalagriculture.crafting",
      "text": "book.mysticalagriculture.entry.resource_crops.page.2",
      "recipe": "mysticalagriculture:prosperity_seed_base"
    }
  ]
}
