{
  "name": "末地自动核心",
  "icon": "advancedperipherals:end_automata_core",
  "category": "advancedperipherals:metaphysics",
  "advancement": "advancedperipherals:weak_automata_core",
  "pages": [
    {
      "type": "spotlight",
      "title": "末地自动核心",
      "item": "advancedperipherals:end_automata_core",
      "text": "吞噬10个末影人后，虚弱自动核心就会转化为末地自动核心！$(p)作为比虚弱自动核心更强大的升级版，这个灵魂似乎还能为海龟自身提供有限的传送能力。"
    },
    {
      "type": "link",
      "text": "除了继承虚弱自动核心的所有能力外，这个灵魂还支持有限的世界内传送。你需要存储传送点，之后就能传送至对应位置！$(p)但请注意，海龟被破坏后所有存储的传送点都会丢失。",
      "url": "https://docs.intelligence-modding.de/metaphysics/end_automata/",
      "link_text": "API文档"
    }
  ]
}
