{
  "name": "末地自动核心",
  "icon": "advancedperipherals:end_automata_core",
  "category": "advancedperipherals:metaphysics",
  "advancement": "advancedperipherals:weak_automata_core",
  "pages": [
    {
      "type": "spotlight",
      "title": "末地自动核心",
      "item": "advancedperipherals:end_automata_core",
      "text": "在吞噬10个末影人后，虚弱自动核心会转化为末地自动核心！$(p)它不仅是更强力的虚弱自动核心变体，这枚灵魂似乎还能为海龟自身提供有限的传送能力。"
    },
    {
      "type": "link",
      "text": "除了虚弱自动核心的能力外，这枚灵魂还允许进行有限的维度内传送。你需要先存储传送点，之后就能传送到对应位置！$(p)但请注意，海龟被破坏后所有存储的传送点都会丢失。",
      "url": "https://docs.intelligence-modding.de/metaphysics/end_automata/",
      "link_text": "API documentation"
    }
  ]
}
