{
  "name": "冷却与燃料",
  "icon": "minecraft:coal",
  "category": "advancedperipherals:metaphysics",
  "advancement": "advancedperipherals:weak_automata_core",
  "priority": true,
  "pages": [
    {
      "type": "text",
      "text": "所有改变世界的操作都会消耗海龟燃料（当然，前提是你没有在CC:Tweaked的配置中关闭燃料机制）。$(p)此外，大多数这类操作都有冷却，因此你需要在代码中考虑这一点。所有当前激活的冷却都可以通过外设方法获取。"
    },
    {
      "type": "text",
      "text": "你觉得冷却太长？那就可以用提高燃料消耗率来解决！$(p)更高的燃料消耗率会缩短冷却，但显然会增加燃料总消耗。例如，如果点击操作原本需要1点燃料，冷却5秒，设置燃料消耗率为2后，你每2.5秒就可以执行一次点击操作，但每次会消耗2点燃料。"
    },
    {
      "type": "text",
      "text": "不过燃料消耗率没那么简单！每个自动核心都有最大燃料消耗上限，可以通过$(l)getConfiguration$()方法获取。$(p)此外，燃料消耗的增长速度比冷却下降的速度更快。消耗率为3时需要4点燃料，消耗率为4时需要9点燃料，以此类推。"
    }
  ]
}
