{
  "name": "冷却与燃料",
  "icon": "minecraft:coal",
  "category": "advancedperipherals:metaphysics",
  "advancement": "advancedperipherals:weak_automata_core",
  "priority": true,
  "pages": [
    {
      "type": "text",
      "text": "所有改变世界的操作都会消耗海龟燃料（当然，前提是你没有在CC:Tweaked的配置中禁用燃料系统）。$(p)此外，大多数这类操作都有冷却，因此你需要在代码中考虑这一点。所有激活的冷却都可以通过外设方法获取。"
    },
    {
      "type": "text",
      "text": "你觉得冷却太长了？这时就可以通过调整燃料消耗速率来解决！$(p)更高的燃料消耗速率会缩短冷却，但显然也会增加燃料消耗。例如，如果一次点击操作原本需要1点燃料，冷却5秒，将燃料消耗设为2后，你每2.5秒就能执行一次点击操作，但每次操作需要消耗2点燃料。"
    },
    {
      "type": "text",
      "text": "但燃料消耗倍率没那么简单！每个自动核心都有最大燃料消耗限制，可以通过$(l)getConfiguration$()方法获取。$(p)此外，燃料需求的增长速度比冷却下降得更快。消耗倍率3需要消耗4点燃料，燃料消耗4将需要燃料点，以此类推。"
    }
  ]
}
