{
  "name": "养殖自动核心",
  "icon": "advancedperipherals:husbandry_automata_core",
  "category": "advancedperipherals:metaphysics",
  "advancement": "advancedperipherals:weak_automata_core",
  "pages": [
    {
      "type": "spotlight",
      "title": "养殖自动核心",
      "item": "advancedperipherals:husbandry_automata_core",
      "text": "吞噬3只鸡、3头牛、3只羊后，虚弱自动核心就会转化为养殖自动核心！$(p)作为比虚弱自动核心更强大的升级版，这个灵魂似乎还能提供与动物交互的能力！"
    },
    {
      "type": "link",
      "text": "除了继承虚弱自动核心的所有能力外，这个核心还支持与动物交互，甚至能将动物转移到自身内部存储！$(p)但请注意，海龟被破坏后所有存储的动物都会丢失。",
      "url": "https://docs.intelligence-modding.de/metaphysics/husbandry_automata/",
      "link_text": "API文档"
    }
  ]
}
