{
  "name": "超载自动核心",
  "icon": "advancedperipherals:overpowered_weak_automata_core",
  "category": "advancedperipherals:metaphysics",
  "advancement": "advancedperipherals:weak_automata_core",
  "pages": [
    {
      "type": "spotlight",
      "title": "超载虚弱自动核心",
      "item": "advancedperipherals:overpowered_weak_automata_core",
      "text": "这是你第一次尝试突破形而上学的规则。嗯，结果并不如你希望的那样成功。$(p)将任意自动核心与下界之星简单结合就得到了这个产物……"
    },
    {
      "type": "crafting",
      "recipe": "advancedperipherals:overpowered_weak_automata_core",
      "recipe2": "advancedperipherals:overpowered_end_automata_core"
    },
    {
      "type": "link",
      "text": "超载版本的自动核心使用时不会消耗物品耐久。$(p)但凡事都有代价。如果你试图在燃料不足的情况下用这个核心执行任何操作，这个升级就会立刻损坏。",
      "url": "https://docs.intelligence-modding.de/metaphysics/overpowered_automata/",
      "link_text": "API文档"
    }
  ]
}
