{
  "name": "超强自动核心",
  "icon": "advancedperipherals:overpowered_weak_automata_core",
  "category": "advancedperipherals:metaphysics",
  "advancement": "advancedperipherals:weak_automata_core",
  "pages": [
    {
      "type": "spotlight",
      "title": "超强虚弱自动核心",
      "item": "advancedperipherals:overpowered_weak_automata_core",
      "text": "这是你第一次尝试突破形而上学的规则。嗯，结果并不像你希望的那样成功。$(p)天真地将任意自动核心与下界之星结合，确实得到了成果……"
    },
    {
      "type": "crafting",
      "recipe": "advancedperipherals:overpowered_weak_automata_core",
      "recipe2": "advancedperipherals:overpowered_end_automata_core"
    },
    {
      "type": "link",
      "text": "超强版自动核心使用工具时不会消耗工具耐久。$(p)但凡事都有代价。如果你尝试在燃料不足的情况下用这个核心执行任何操作，这个升级就会立刻损坏。",
      "url": "https://docs.intelligence-modding.de/metaphysics/overpowered_automata/",
      "link_text": "API documentation"
    }
  ]
}
