{
  "name": "虚弱自动核心",
  "icon": "advancedperipherals:weak_automata_core",
  "category": "advancedperipherals:metaphysics",
  "pages": [
    {
      "type": "spotlight",
      "title": "虚弱自动核心",
      "item": "advancedperipherals:weak_automata_core",
      "text": "虚弱自动核心是一种海龟升级，它可以将海龟转化为强大的自动机！"
    },
    {
      "type": "crafting",
      "recipe": "advancedperipherals:weak_automata_core"
    },
    {
      "type": "link",
      "text": "它为海龟提供了多种能力：$(li)用工具挖掘方块；$(li)用物品或空手点击方块；$(li)吸收周围的所有或指定物品；$(li)探测周围的物品；$(li)探测视线范围内的方块或海龟；$(li)用物品栏中的RF物品为海龟充能",
      "url": "https://docs.intelligence-modding.de/metaphysics/weak_automata/",
      "link_text": "API文档"
    },
    {
      "type": "text",
      "text": "但虚弱核心只是形而上学研究的起点！这个空壳已经准备好接纳生物的灵魂碎片了。你需要给灵魂投喂不同的生物来获得进阶变体：$(li)$(l:metaphysics/end_automata_core)末地自动核心$(li)$(l:metaphysics/husbandry_automata_core)畜牧自动核心"
    }
  ]
}
