{
  "name": "掌上电脑配件",
  "icon": "computercraft:pocket_computer_advanced",
  "category": "advancedperipherals:items",
  "pages": [
    {
      "type": "text",
      "text": "我们为以下外设提供了掌上电脑升级配件：$(li)$(9)$(l:peripherals/environment_detector)环境探测器$(/l)$()$(li)$(9)$(l:peripherals/player_detector)玩家探测器$(/l)$()$(li)$(9)$(l:peripherals/chat_box)聊天盒$(/l)$()$(p)完整文档请查看$(9)$(l:https://docs.intelligence-modding.de/items/pocket_computer/)官方维基页面$(/l)$()！"
    },
    {
      "type": "text",
      "text": "只需要将它们与掌上电脑合成即可为其添加对应外设。注意你无法使用相关联的事件。"
    }
  ]
}
